[{"path":"\/cert\/readme.txt","checksum":"b6f3d6c7caf4c354315ed9ed09c846d0"},{"path":"\/core\/inc\/com_model.php","checksum":"b79f8c0f0ec7c214821d53d2099bd223"},{"path":"\/core\/inc\/com_processor.php","checksum":"02b0243ce518d5d2de875036187faedf"},{"path":"\/core\/inc\/functions.php","checksum":"2c135c767161ef960feda2f5fa755712"},{"path":"\/core\/inc\/page.php","checksum":"93e350a3cfd16bae61ceb5f94f64cacf"},{"path":"\/core\/inc\/page_mobile.php","checksum":"688bc490984e445c91f16487d31394d6"},{"path":"\/core\/inc\/page_mobile_plugin.php","checksum":"0e8682eb947f2c70d64f051e56b11c65"},{"path":"\/core\/inc\/page_system.php","checksum":"6a0d25635203fc9a801eca2a96aca11d"},{"path":"\/core\/inc\/page_web.php","checksum":"e6c87e69d452592634a4d1e15bf75959"},{"path":"\/core\/inc\/page_web_com.php","checksum":"28b65f43beadb8c76385be5004d88791"},{"path":"\/core\/inc\/page_web_plugin.php","checksum":"820172dd37329d7c5ac90fd204936d11"},{"path":"\/core\/inc\/plugin_model.php","checksum":"5cf0189ec1408c4e7a860e0481a84d22"},{"path":"\/core\/inc\/plugin_processor.php","checksum":"f75ccfb22f187bbc327c5748c949d835"},{"path":"\/core\/inc\/processor.php","checksum":"7dc0d3ec6e90f32df73ae916c56178fe"},{"path":"\/core\/model\/cache.php","checksum":"c8a6cb6522e17ae53cf59f7e973c7589"},{"path":"\/core\/model\/common.php","checksum":"5e1b951d9a5b5b7162258678c5668f35"},{"path":"\/core\/model\/route.php","checksum":"5df51a1b6a49aa2e094c88d9cd5c1c61"},{"path":"\/core\/web\/system\/auth\/upgrade.php","checksum":"b7ab5b49c74b7f656a6dfac16c4d49ce"},{"path":"\/core\/web\/system\/install.php","checksum":"6ecf979822fd6e8588baa1d53666faa6"},{"path":"\/defines.php","checksum":"07463be281bdd19329ecb6d3bfd4dda2"},{"path":"\/token_image\/2016\/06\/22\/1466563410_5769fb525f989_1757.png","checksum":"d41d8cd98f00b204e9800998ecf8427e"},{"path":"\/module.php","checksum":"da15daf816a9fcf082ee250cf8575717"},{"path":"\/preview.jpg","checksum":"a3f9e818488ea05ea00c7a3ac91c56c5"},{"path":"\/processor.php","checksum":"ea11bc94a8ea9a3a1e99349cd711aa7e"},{"path":"\/receiver.php","checksum":"f5f50b1bdde69b422b7acad019efabfc"},{"path":"\/site.php","checksum":"a1edca6ff8ce949494219da13287a163"},{"path":"\/static\/css\/animate.css","checksum":"c7e0ca7e8ceaa2e40efe24757f3ca964"},{"path":"\/static\/css\/bootstrap.min.css","checksum":"9078d942e56acec0d4097e2a7ee5e336"},{"path":"\/static\/css\/common.css","checksum":"1035c890a7cef949937a1785179a3bc5"},{"path":"\/static\/css\/font-awesome.min.css","checksum":"0831cba6a670e405168b84aa20798347"},{"path":"\/static\/css\/v2.css","checksum":"03ce8338edb899c82e84a6124f867671"},{"path":"\/static\/js\/dist\/bootbox\/bootbox.min.js","checksum":"a8c2c7bdb3445dfa8c410de9c0026581"},{"path":"\/static\/js\/dist\/bootstrap\/bootstrap.min.js","checksum":"abda843684d022f3bc22bc83927fe05f"},{"path":"\/static\/js\/dist\/jquery\/confirm\/jquery-confirm.css","checksum":"ad8e9f0303c0dcfb8a40397084514c4e"},{"path":"\/static\/js\/dist\/jquery\/confirm\/jquery-confirm.js","checksum":"0a1b25255594e054e247ad8f3ac2599c"},{"path":"\/static\/js\/dist\/jquery\/jquery-1.11.1.min.js","checksum":"8101d596b2b8fa35fe3a634ea342d7c3"},{"path":"\/static\/js\/dist\/jquery\/jquery.form.js","checksum":"fc1a178fd728e02d9a4b84e4a660bfe1"},{"path":"\/static\/js\/dist\/jquery\/jquery.gcjs.js","checksum":"8820d300cbac0c210bff56ee0a05c7d8"},{"path":"\/static\/js\/dist\/jquery\/jquery.validate.min.js","checksum":"3b00d60f87e893caf2649eff0d48813a"},{"path":"\/static\/js\/myconfig.js","checksum":"22f3a66a0d6dd73a356aeabadebfa8de"},{"path":"\/static\/js\/require.js","checksum":"6bd2f88aafdbf67d47f03d6eac64ddc7"},{"path":"\/static\/js\/web\/biz.js","checksum":"a07e85572bc3ffbd79a3c9d469ce92f9"},{"path":"\/static\/js\/web\/form.js","checksum":"b1a8339859e7e9e5d738d5a99beff59a"},{"path":"\/static\/js\/web\/init.js","checksum":"c37b279bfa7a801152307e2e8182f41a"},{"path":"\/static\/js\/web\/table.js","checksum":"31ec305cea43e064e7d9650b68de7e4c"},{"path":"\/static\/js\/web\/tip.js","checksum":"5737dcba5b11a55dcb5dea3b7432d05b"},{"path":"\/template\/web\/system\/install.html","checksum":"9d513af1df33e91702fa358ec967eb09"},{"path":"\/version.php","checksum":"1f868680f907244853f2db0bc72d0e10"}]